id,x,y,cpu,memory,storage,bandwidth
0,0.393746616771176,0.2885397843358794,716.6918124570549,24.81801579461245,236.56128816073857,71.86138708264991
1,0.1934155264746698,0.3312896111706712,487.2114715196243,352.268928352985,246.92216211921237,80.75876570655495
2,0.1206697617731543,-0.6313200659597873,771.2537478029669,377.92275515232114,273.57839447770687,124.03440695834988
3,-0.1295394709903037,-0.1941790492210844,1087.6008975978789,226.64056226744992,272.0855303715994,119.50242972374582
4,0.0142785673118336,0.765640493692257,452.5572920809617,437.64680217499625,147.98444359242524,98.60818552755826
5,0.0242178850301094,-0.0142000671558324,452.56322544198497,623.7483852476662,170.43387839756213,103.18337759914196
6,-0.1071105224813389,-0.6533167492231915,1107.9053418259855,1111.6483256865395,244.58714278303444,141.5889788861715
7,-0.0494239122958556,-0.5942868017923221,814.5298567285888,548.2087878845174,244.5233783032854,79.71978764963717
8,-0.7896337096793181,0.0929405831074656,367.51260193928806,575.5223015647366,244.58777664756192,117.40818288679874
9,0.0906321365981334,0.3353274070220001,733.2604543225743,466.2333546672648,414.94149087969663,92.60769684766241
10,0.3305743818607508,-0.4681207431241497,369.7014825123966,140.89499520500112,247.43796651131234,92.09504677827768
11,0.1629674875157979,-0.6965286596727259,368.8659069310961,482.01197059310584,276.2587030704087,135.66802673961453
12,-0.3252172349568217,0.4085578423364897,624.6248325092574,510.5670164071475,266.99177349374105,126.62016405061803
13,0.001595171529114,0.4977523696328677,154.27685174191515,1301.607865591739,251.54668410281454,126.22606796502683
14,0.2840560493749176,0.1203724515576,86.20293478604992,427.41722545638794,202.20881522759373,142.50958170962838
15,0.7295181277182343,0.0778259295397977,333.9700594655218,590.0055365112341,257.03740991595424,99.99519873189294
16,0.5336406909212789,-0.4503790245407165,171.14422465129473,479.3133284320135,178.85538706896384,121.87172040925374
17,0.3719524838744111,-0.5136958962464035,650.7485542519601,106.02610560641654,206.21289660066753,89.03059026516893
18,0.6434855374319391,0.6166590319205959,209.02134665120315,866.9426849323256,193.52728695335202,110.02946754753842
19,0.5352834655767694,0.7684640471821086,26.775382717487787,738.2667575981286,222.4788151789116,94.99244103326429
20,0.1349908373529321,0.2462490515524703,1066.8634514167943,751.1376211930342,336.43901709272563,102.51043516898827
21,-0.9812590217601675,0.2604751765675538,455.5847552007841,191.381256201437,122.99571725160442,118.99889206913458
22,0.3813395861575264,0.2109669899677086,561.5846003964499,952.5219835928871,253.32637733617307,72.21800274739722
23,-0.5826658739535553,0.1561018557268247,22.27796298013766,29.268521657581232,135.9877874709638,168.55518703286734
24,-0.5712440386057204,-0.1420418452264136,340.4408312901941,683.925865346007,194.2128332956573,66.00218619483194
25,0.59395358066297,0.4167817427946173,577.2672715233424,1211.8100356944972,273.8794945485831,59.11200017370357
26,-0.1851458346640467,0.6386826154399087,121.21250248270098,164.66808377272184,221.58082006736453,137.6319025502913
27,-0.052679494492927,0.2094417389765167,672.9567476543602,304.32201495299,163.29244485791776,125.50296375076437
28,0.0888667254989274,-0.002976469289862,320.11000268764747,523.5439575575425,181.7912559668792,119.95752127397449
29,-0.2699362160380874,0.0372628982766965,431.7622795860586,325.00224041829927,252.9863296529109,120.0973859672341
30,-0.192811569672868,0.1044749084341771,319.7240570318301,19.718610717369472,181.0224519284541,98.89464839328835
31,-0.5340365589523939,-0.315491436380224,1206.5907910155388,513.3100562513891,229.34793829322444,69.60209462875252
32,-0.2485725167620671,-0.3434486447727902,532.3021215237006,141.0431753991216,220.62596394598316,101.80902828393971
33,0.0172867915085006,0.4141441588639828,154.92472347637084,646.6405838050146,185.04264372647415,76.88686380516984
34,0.4201046263335413,0.5513632447441369,834.4466011303151,188.0772765073915,327.725835439158,131.57514346987355
35,0.375530377468988,-0.388995685406117,95.9687822314001,1000.958624646578,250.65491026249276,94.43259969660352
36,-0.1847518725469581,0.3387488121912912,612.6630162746582,232.90301265912177,114.93773391676368,71.97715999647131
37,-0.0007948869680265,-0.831724132125538,171.042090357157,384.72145926814767,227.81653509364648,88.66256359803086
38,0.0249585483293752,-0.3047977789717148,57.17538673797327,758.5394852098061,184.5227493943667,112.96747228389819
39,0.0920312437010186,-0.1180984702737277,608.325380173218,85.55517629104037,261.8077716255268,80.64148023497748
40,0.7386325661583142,0.2653575633292961,804.0608074227373,565.6169074486131,177.8501373670863,72.08561768230166
41,-1.0,0.0236258971707736,599.1122613772314,921.0347119230979,212.44390933730813,107.36571689930659
42,0.1546859371808112,-0.1399967539285034,495.38486963537576,38.42296484881297,244.07429848274307,107.40806197116498
43,-0.4164588710441387,0.5991471835212825,428.36153810381103,551.5191097859248,262.4877126738265,82.52086698129922
44,0.5569053681404975,-0.236475350918546,2.844184039331708,576.2900990374104,157.0374709206945,83.70926957723204
45,0.0527236748656727,0.1799122962842858,277.0292920882688,748.1061111490349,201.22722400291457,106.9805388751007
46,0.3901387289416566,0.153125501012967,370.705781051961,83.55161291939964,194.05902854908254,51.37036810290778
47,-0.5518137106805056,0.2735565270086024,919.2225201633082,56.06253568129938,184.95440230127465,52.71485389959587
48,-0.2509040696987009,0.582311309997478,661.3631777489793,662.5565019712054,308.40790259607775,75.52046860363349
49,-0.4577293386761213,-0.181690339760504,99.98028988724059,588.5035640757551,238.97006424287295,92.23518815316149
50,-0.2742820401453488,0.6665574783490827,654.3035012766402,573.1990493465612,153.94511277047337,109.59061964562439
51,-0.7547809993790309,-0.1492571604099239,398.0117929264527,604.7863289211366,265.14721531422384,148.13229406538625
52,0.2039038348457115,-0.1222988961296096,292.54131912023485,266.8845406681431,326.6137922983665,127.6873727897413
53,-0.36222162167869,-0.0705707644094647,758.2389703981037,567.1949529005578,270.9965111917961,94.00625111560653
54,0.3947920854659962,-0.2107019557930158,909.7818109281075,587.2157177878969,140.7521158487848,98.67058925455127
55,0.6827724051587404,0.3807805974310964,873.7433555522834,255.58463030187298,193.5849347912938,66.11763483235296
56,0.0395517094334226,0.0503703332960268,233.88794011780516,1104.9291565831436,282.9625122442237,98.68724025393537
57,0.2592516990369323,0.8042641750072084,425.4310721977588,646.7197501347466,182.18090394909217,89.74578971619005
58,0.4732544281576899,0.1282987690517977,656.898148982665,98.5780930756128,240.95232192893303,109.98154758677276
59,0.2800939238830185,-0.482091239102174,889.7406686295137,706.8690685073278,257.8369351645738,71.91977532513745
60,0.0363798644645058,0.63222941713871,364.0070887856284,169.8872338173009,170.9899317237497,116.48966674888483
61,-0.4875679333370625,0.5676497440079356,470.0831009126687,749.8382061575866,215.26185555896396,150.03158364422418
62,-0.1418027606723583,-0.3152035983077806,137.35206040038122,872.134877698759,52.867333945574615,95.70018627974376
63,-0.4144544721469234,-0.1547301968423811,104.87256953908405,220.58185499357546,166.01576645833705,112.59611433339627
64,-0.2181756827049416,-0.6122463102635405,830.8257158748266,807.8711263813254,205.40904770832086,122.1428320994759
65,-0.2317376523481796,-0.2359220563856784,1027.3232829719486,626.6222129117757,154.613769648535,86.02014538380995
66,-0.4188156092955438,-0.4332078963542727,511.1556409963895,761.3517128901259,301.61745757850275,106.7171578659384
67,0.4416126766992665,-0.3877382906015463,899.8554105329551,1115.1400415217738,145.30629841112236,99.7167914235907
68,-0.1165980438283848,0.0263294967785487,667.8747625963814,409.96136404851103,195.84034919708853,102.53294666921737
69,0.5339837822040413,-0.3625989498112426,304.0346070230506,242.6196744688602,224.97293376098742,73.71442232934207
70,0.4675068036547781,0.0164502121083208,667.7878753052223,197.9232024519232,291.8618687714161,100.11125359642381
71,0.1988361486976835,-0.3872441717223797,1093.0243019949307,222.185666203604,145.01431300350714,115.7830694599562
72,-0.013713280560205,-0.3315902665504657,524.2325186874647,465.3591012936969,277.66729692058146,147.3308894712009
73,-0.2911224132928838,-0.2367524856089029,1102.6400675295295,603.0428760590951,218.82229032312154,131.05056608673956
74,0.3588169196356604,-0.245285085622386,409.5922813205433,581.8230797932556,168.20428870489746,170.5674252724084
75,-0.3390888867498174,-0.4457895507534596,834.2144358600397,763.0381684176963,241.88553051003697,73.90183418023446
76,0.1070041134631464,-0.4417675175965831,568.6386908663214,495.02005686580924,228.45990743361506,128.17263249530583
77,0.3918847832707421,-0.0816906483501468,429.1191543512232,969.2248670520007,187.6652303925276,105.36837225877841
78,0.0836030812698506,0.4135765756941783,570.3422185687596,403.618348257286,221.86266355240244,171.7795134569099
79,0.2782777701612252,-0.3843242243055697,181.1246749933041,1386.1849726972014,198.6337864767111,72.54642068840795
80,-0.3878321660115037,-0.1883587421564315,457.7908815452196,696.7017056241301,224.09386860077223,71.50634348545151
81,0.4935563093646373,-0.1621075890922127,666.2399927033356,208.57467214847185,252.09481889947944,79.46091464102791
82,-0.6846427233774395,0.4777610810888902,1071.2888772742053,138.2158572128762,299.24950609550325,29.001925960529277
83,0.2527092075919421,-0.2575347517132689,349.8778551732307,649.5637614046028,155.1225152171341,81.89822032800208
84,0.271752961233532,-0.2240379931682197,244.99152271292633,417.17890307902485,327.1689580122491,74.1737362965292
85,0.3879518116061833,0.0078749770335583,355.84569381823746,725.7798500177314,118.66641376195702,104.27783079261881
86,-0.0620043122935382,-0.1579503406435632,868.005067656185,646.5237861778385,210.55296456461818,110.61166027297388
87,-0.1739104174779784,-0.542217415243146,655.9901993561343,466.7656514533756,248.32741636003445,161.398715608439
88,0.4326582944687549,0.6469855268864556,345.7253902021403,211.98631546111494,232.64168457638806,130.75774276060224
89,-0.1179261905158312,-0.5844945294709152,722.6741451432232,7.928372691656648,186.51772754093895,80.20526976668029
90,-0.0552534073862831,-0.0543668428292467,572.2636929584364,343.75297655548843,207.67754429688085,69.563690273628
91,-0.559816225973928,0.7074991307499993,887.2469687462551,772.6555530544952,193.13747854436585,115.58185882394818
92,-0.3779470382483524,-0.3577287386615038,283.45897643142746,561.2169281344605,188.21911718774746,55.60206762308682
93,-0.5267405788473272,-0.5979492543401386,418.76335039830343,80.65869314872998,261.6632666636574,159.91880649253895
94,-0.7118476415602462,0.3898511853586618,395.4726521798739,547.7489505186584,236.52189207776223,138.3378717667653
95,0.5898121969213739,-0.0484512043307133,8.267708484826812,617.5815636824615,182.93424035975386,83.77092088765724
96,-0.2314731532674547,-0.1012700914657396,644.1974612881329,199.78541248822114,264.21512830039507,42.59756560683319
97,-0.4691593709376284,0.3312559534803503,631.5250166990147,541.344342916234,233.9844140523076,144.11134328287358
98,0.2345866857952518,0.1227523379906005,539.0279962051493,509.90156720685343,259.7880765285201,95.50888613792249
99,-0.0420926315903085,0.2536567072160514,452.4005323001432,114.48876544247634,250.4359415980676,140.27004469211982
